,Unnamed: 0,novel_name,top_count,novel_page_url,chapter_numbers,last_chapter_url,last_chapter_title
0,0,苟在妖武亂世修仙,3,https://www.twking.cc/223_223913/,1107,https://www.twking.cc/223_223913/124865615.html,番外加更免費求月票
1,1,亂世書,3,https://www.twking.cc/222_222337/,845,https://www.twking.cc/222_222337/125402780.html,第828章 神魂分離
2,2,熊學派的阿斯塔特,2,https://www.twking.cc/236_236001/,929,https://www.twking.cc/236_236001/125330035.html,第922章 904無形的嬰兒
3,3,道詭異仙,2,https://www.twking.cc/162_162655/,1053,https://www.twking.cc/162_162655/123957332.html,有聲書來了
4,4,靈境行者,2,https://www.twking.cc/199_199627/,4926,https://www.twking.cc/199_199627/125071822.html,第1002章 拖延時間
5,5,明克街13号,2,https://www.twking.cc/159_159664/,997,https://www.twking.cc/159_159664/123970685.html,番1 新的召喚
6,6,宇宙職業選手,2,https://www.twking.cc/162_162163/,609,https://www.twking.cc/162_162163/122818897.html,第607章 一切的起源（大結局）
7,7,我得給這世界上堂課,2,https://www.twking.cc/236_236540/,311,https://www.twking.cc/236_236540/123465345.html,304.第304章 什麽！他告我們蘋果侵權？（第
8,8,大明國師,2,https://www.twking.cc/223_223395/,578,https://www.twking.cc/223_223395/125074993.html,新書已發！
9,9,參加戀綜，這個小鮮肉過分接地氣,2,https://www.twking.cc/236_236036/,411,https://www.twking.cc/236_236036/125051322.html,開新書了
